Timestamp,Temperature,Humidity,Pressure,PM1,PM2.5,PM10,CO,VOC,CO2,aqi_dust,aqi_co,aqi_voc,aqi_co2,aqi_dust_predicted,aqi_co_predicted,dust_status,co_status
2024-11-27 12:57:43,12.2,29.5,1301.0,61,51,86,40,9,80,5,1,5,1,1,4,0,1
2024-11-27 12:57:48,21.9,79.300003,2550.0,92,3,31,90,25,68,4,4,5,3,4,3,1,0
2024-11-27 12:57:53,21.9,79.300003,2550.0,92,3,31,90,25,68,4,4,5,3,4,3,1,0
2024-11-27 12:57:58,10.4,30.0,2437.0,92,60,140,89,42,61,5,1,3,5,2,2,0,1
2024-11-27 12:58:03,10.4,30.0,2437.0,92,60,140,89,42,61,5,1,3,5,2,2,0,1
2024-11-27 12:58:08,15.9,66.099998,2575.0,86,141,72,95,45,65,0,5,5,1,4,0,1,1
2024-11-27 12:58:13,15.9,66.099998,2575.0,86,141,72,95,45,65,0,5,5,1,4,0,1,1
2024-11-27 12:58:18,22.6,56.099998,1720.0,72,135,189,19,5,89,4,4,5,5,3,5,0,1
2024-11-27 12:58:23,22.6,56.099998,1720.0,72,135,189,19,5,89,4,4,5,5,3,5,0,1
2024-11-27 12:58:28,24.9,73.199997,1861.0,3,108,114,93,19,29,3,5,0,3,0,5,1,1
2024-11-27 12:58:33,24.9,73.199997,1861.0,3,108,114,93,19,29,3,5,0,3,0,5,1,1
2024-11-27 12:58:38,23.0,38.900002,1227.0,69,139,88,54,25,86,3,3,4,4,1,1,1,1
2024-11-27 12:58:43,23.0,38.900002,1227.0,69,139,88,54,25,86,3,3,4,4,1,1,1,1
2024-11-27 12:58:48,23.799999,63.5,2229.0,35,35,174,37,14,18,4,1,3,4,0,2,1,0
2024-11-27 12:58:53,23.799999,63.5,2229.0,35,35,174,37,14,18,4,1,3,4,0,2,1,0
2024-11-27 12:58:58,10.6,21.9,2920.0,70,114,87,9,25,36,5,0,5,2,1,4,0,0
2024-11-27 12:59:03,10.6,21.9,2920.0,70,114,87,9,25,36,5,0,5,2,1,4,0,0
2024-11-27 12:59:08,20.700001,28.4,2549.0,50,120,173,91,6,15,5,0,3,5,3,1,0,0
2024-11-27 12:59:13,20.700001,28.4,2549.0,50,120,173,91,6,15,5,0,3,5,3,1,0,0
2024-11-27 12:59:18,14.8,65.099998,1545.0,62,13,124,4,20,21,1,0,5,2,5,3,0,1
2024-11-27 12:59:23,14.8,65.099998,1545.0,62,13,124,4,20,21,1,0,5,2,5,3,0,1
2024-11-27 12:59:28,14.5,36.5,2079.0,51,1,161,27,36,50,3,0,4,2,5,4,0,1
2024-11-27 12:59:33,14.5,36.5,2079.0,51,1,161,27,36,50,3,0,4,2,5,4,0,1
2024-11-27 12:59:38,19.1,69.0,1141.0,82,33,186,24,46,51,4,0,0,5,4,1,1,1
2024-11-27 12:59:43,19.1,69.0,1141.0,82,33,186,24,46,51,4,0,0,5,4,1,1,1
2024-11-27 12:59:48,16.9,43.400002,2992.0,31,77,172,96,48,12,1,1,2,2,5,0,0,1
2024-11-27 12:59:53,16.9,43.400002,2992.0,31,77,172,96,48,12,1,1,2,2,5,0,0,1
2024-11-27 12:59:58,20.799999,26.9,2111.0,21,57,165,46,46,17,2,4,5,0,2,1,0,0
2024-11-27 13:00:03,20.799999,26.9,2111.0,21,57,165,46,46,17,2,4,5,0,2,1,0,0
2024-11-27 13:00:08,19.700001,20.700001,2494.0,95,26,76,0,29,45,2,0,5,1,4,5,1,0
2024-11-27 13:00:13,19.700001,20.700001,2494.0,95,26,76,0,29,45,2,0,5,1,4,5,1,0
2024-11-27 13:00:18,20.200001,59.5,1593.0,13,2,138,38,38,10,4,1,2,2,4,5,0,1
2024-11-27 13:00:23,20.200001,59.5,1593.0,13,2,138,38,38,10,4,1,2,2,4,5,0,1
2024-11-27 13:00:28,11.3,63.299999,2719.0,90,44,164,43,23,54,1,3,2,5,4,4,1,1
2024-11-27 13:00:33,11.3,63.299999,2719.0,90,44,164,43,23,54,1,3,2,5,4,4,1,1
2024-11-27 13:00:38,19.9,60.299999,2098.0,17,90,197,70,13,6,2,3,1,3,3,4,0,0
2024-11-27 13:00:43,19.9,60.299999,2098.0,17,90,197,70,13,6,2,3,1,3,3,4,0,0
2024-11-27 13:00:48,19.700001,67.400002,2127.0,26,133,24,56,6,22,1,4,2,3,1,4,0,1
2024-11-27 13:00:53,19.700001,67.400002,2127.0,26,133,24,56,6,22,1,4,2,3,1,4,0,1
2024-11-27 13:00:58,12.0,77.699997,2263.0,53,83,79,78,34,74,1,3,5,1,0,5,1,0
2024-11-27 13:01:03,12.0,77.699997,2263.0,53,83,79,78,34,74,1,3,5,1,0,5,1,0
2024-11-27 13:01:08,20.5,29.0,1496.0,40,65,159,64,3,71,3,5,4,5,3,2,1,1
2024-11-27 13:01:13,20.5,29.0,1496.0,40,65,159,64,3,71,3,5,4,5,3,2,1,1
2024-11-27 13:01:18,22.5,70.099998,2113.0,45,11,160,41,15,56,5,1,0,2,1,1,1,1
2024-11-27 13:01:23,22.5,70.099998,2113.0,45,11,160,41,15,56,5,1,0,2,1,1,1,1
2024-11-27 13:01:28,15.6,76.699997,1494.0,70,141,47,8,49,37,2,3,4,1,5,0,1,1
2024-11-27 13:01:33,15.6,76.699997,1494.0,70,141,47,8,49,37,2,3,4,1,5,0,1,1
2024-11-27 13:01:38,14.0,78.900002,2951.0,51,38,36,51,8,32,1,0,3,0,2,3,1,0
2024-11-27 13:01:43,14.0,78.900002,2951.0,51,38,36,51,8,32,1,0,3,0,2,3,1,0
2024-11-27 13:01:48,12.7,20.700001,1993.0,0,46,12,70,34,99,2,1,2,4,0,0,0,1
2024-11-27 13:01:53,12.7,20.700001,1993.0,0,46,12,70,34,99,2,1,2,4,0,0,0,1
2024-11-27 13:01:58,12.2,21.0,2672.0,9,57,140,61,38,88,0,5,3,4,3,1,0,1
2024-11-27 13:02:03,12.2,21.0,2672.0,9,57,140,61,38,88,0,5,3,4,3,1,0,1
2024-11-27 13:02:08,19.200001,63.599998,1761.0,37,132,88,2,40,33,5,3,4,1,5,1,1,0
2024-11-27 13:02:13,19.200001,63.599998,1761.0,37,132,88,2,40,33,5,3,4,1,5,1,1,0
2024-11-27 13:02:18,12.1,71.300003,2280.0,60,6,186,50,15,67,1,5,1,0,3,1,1,1
2024-11-27 13:02:23,12.1,71.300003,2280.0,60,6,186,50,15,67,1,5,1,0,3,1,1,1
2024-11-27 13:02:28,12.3,36.799999,1679.0,29,58,9,72,0,8,5,3,2,1,5,0,0,0
2024-11-27 13:02:33,12.3,36.799999,1679.0,29,58,9,72,0,8,5,3,2,1,5,0,0,0
2024-11-27 13:02:38,18.799999,64.400002,2586.0,73,130,54,7,38,41,5,0,5,3,2,0,0,1
2024-11-27 13:02:43,18.799999,64.400002,2586.0,73,130,54,7,38,41,5,0,5,3,2,0,0,1
2024-11-27 13:02:48,19.6,32.700001,1713.0,85,135,198,74,30,94,2,4,0,3,1,5,0,1
2024-11-27 13:02:53,19.6,32.700001,1713.0,85,135,198,74,30,94,2,4,0,3,1,5,0,1
2024-11-27 13:02:58,11.6,70.900002,1550.0,14,81,128,14,9,23,3,0,4,1,5,4,0,0
2024-11-27 13:03:03,11.6,70.900002,1550.0,14,81,128,14,9,23,3,0,4,1,5,4,0,0
2024-11-27 13:03:08,10.2,33.5,1664.0,22,112,89,87,24,36,3,4,5,5,2,2,0,0
2024-11-27 13:03:13,10.2,33.5,1664.0,22,112,89,87,24,36,3,4,5,5,2,2,0,0
2024-11-27 13:03:18,21.299999,37.700001,1589.0,88,76,85,32,26,81,3,5,1,3,1,5,1,1
2024-11-27 13:03:23,21.299999,37.700001,1589.0,88,76,85,32,26,81,3,5,1,3,1,5,1,1
2024-11-27 13:03:28,12.2,60.0,2723.0,15,71,164,85,44,56,0,4,0,2,2,1,1,0
2024-11-27 13:03:33,12.2,60.0,2723.0,15,71,164,85,44,56,0,4,0,2,2,1,1,0
2024-11-27 13:03:38,12.8,64.0,1935.0,10,143,191,2,1,35,5,0,4,3,3,2,0,1
2024-11-27 13:03:43,12.8,64.0,1935.0,10,143,191,2,1,35,5,0,4,3,3,2,0,1
2024-11-27 13:03:48,18.5,50.400002,1494.0,74,105,48,49,43,35,5,2,2,5,1,0,0,0
2024-11-27 13:03:53,18.5,50.400002,1494.0,74,105,48,49,43,35,5,2,2,5,1,0,0,0
2024-11-27 13:03:58,22.5,33.200001,2400.0,95,29,68,57,46,31,3,2,5,3,1,5,0,1
2024-11-27 13:04:03,22.5,33.200001,2400.0,95,29,68,57,46,31,3,2,5,3,1,5,0,1
2024-11-27 13:04:08,21.5,48.400002,1689.0,81,141,152,6,42,59,1,1,2,3,4,5,0,0
2024-11-27 13:04:13,21.5,48.400002,1689.0,81,141,152,6,42,59,1,1,2,3,4,5,0,0
2024-11-27 13:04:18,11.0,47.700001,2254.0,90,73,57,80,3,61,4,4,3,3,5,5,1,0
2024-11-27 13:04:23,11.0,47.700001,2254.0,90,73,57,80,3,61,4,4,3,3,5,5,1,0
2024-11-27 13:04:28,16.200001,21.9,1015.0,1,37,25,17,9,61,4,3,0,1,1,0,1,0
2024-11-27 13:04:33,16.200001,21.9,1015.0,1,37,25,17,9,61,4,3,0,1,1,0,1,0
2024-11-27 13:04:38,18.1,76.199997,2677.0,43,84,170,66,17,39,1,5,0,1,2,4,1,0
2024-11-27 13:04:43,18.1,76.199997,2677.0,43,84,170,66,17,39,1,5,0,1,2,4,1,0
2024-11-27 13:04:48,19.4,22.200001,2928.0,62,120,32,71,9,38,0,0,0,5,3,3,0,0
2024-11-27 13:04:53,19.4,22.200001,2928.0,62,120,32,71,9,38,0,0,0,5,3,3,0,0
2024-11-27 13:04:58,18.9,77.800003,2457.0,89,29,188,30,45,23,1,3,5,4,2,5,0,0
2024-11-27 13:05:03,18.9,77.800003,2457.0,89,29,188,30,45,23,1,3,5,4,2,5,0,0
2024-11-27 13:05:08,13.4,49.900002,2156.0,56,105,14,82,17,35,5,1,3,3,0,5,1,0
2024-11-27 13:05:13,13.4,49.900002,2156.0,56,105,14,82,17,35,5,1,3,3,0,5,1,0
2024-11-27 13:05:18,23.700001,71.300003,1672.0,27,128,117,91,33,98,2,4,3,5,4,4,0,1
2024-11-27 13:05:23,23.700001,71.300003,1672.0,27,128,117,91,33,98,2,4,3,5,4,4,0,1
2024-11-27 13:05:28,21.799999,23.200001,2458.0,2,142,100,34,41,88,2,3,3,5,2,5,0,0
2024-11-27 13:05:33,21.799999,23.200001,2458.0,2,142,100,34,41,88,2,3,3,5,2,5,0,0
2024-11-27 13:05:38,25.0,52.299999,1731.0,41,59,112,1,31,26,1,4,1,4,0,2,0,0
2024-11-27 13:05:43,25.0,52.299999,1731.0,41,59,112,1,31,26,1,4,1,4,0,2,0,0
2024-11-27 13:05:48,24.6,29.299999,1941.0,88,120,44,8,2,33,3,5,3,1,3,1,1,0
2024-11-27 13:05:53,24.6,29.299999,1941.0,88,120,44,8,2,33,3,5,3,1,3,1,1,0
2024-11-27 13:05:59,22.0,53.099998,1528.0,0,43,79,47,26,20,5,5,2,5,3,1,0,0
2024-11-27 13:06:04,22.0,53.099998,1528.0,0,43,79,47,26,20,5,5,2,5,3,1,0,0
2024-11-27 13:06:09,12.4,31.799999,1856.0,9,43,65,76,41,60,5,4,2,4,5,2,0,1
2024-11-27 13:06:14,12.4,31.799999,1856.0,9,43,65,76,41,60,5,4,2,4,5,2,0,1
2024-11-27 13:06:19,14.6,49.299999,2660.0,95,11,89,45,5,62,3,5,5,4,4,0,1,1
2024-11-27 13:06:24,14.6,49.299999,2660.0,95,11,89,45,5,62,3,5,5,4,4,0,1,1
2024-11-27 13:06:29,13.3,27.9,1889.0,30,17,161,36,25,65,2,4,4,4,1,0,1,0
2024-11-27 13:06:34,13.3,27.9,1889.0,30,17,161,36,25,65,2,4,4,4,1,0,1,0
2024-11-27 13:06:39,24.0,45.599998,1370.0,33,42,145,87,30,3,2,3,1,2,2,0,1,1
2024-11-27 13:06:44,24.0,45.599998,1370.0,33,42,145,87,30,3,2,3,1,2,2,0,1,1
2024-11-27 13:06:49,22.5,73.400002,1912.0,82,6,4,18,18,67,0,1,1,3,5,5,0,1
2024-11-27 13:06:54,22.5,73.400002,1912.0,82,6,4,18,18,67,0,1,1,3,5,5,0,1
2024-11-27 13:06:59,13.2,45.099998,2442.0,98,135,29,90,36,78,5,2,1,0,5,0,0,0
2024-11-27 13:07:04,13.2,45.099998,2442.0,98,135,29,90,36,78,5,2,1,0,5,0,0,0
2024-11-27 13:07:09,19.9,54.200001,2951.0,27,102,147,80,27,16,5,3,4,0,1,0,0,0
2024-11-27 13:07:14,19.9,54.200001,2951.0,27,102,147,80,27,16,5,3,4,0,1,0,0,0
2024-11-27 13:07:19,24.200001,54.5,2228.0,34,132,136,29,0,72,2,0,5,1,3,5,1,1
2024-11-27 13:07:24,24.200001,54.5,2228.0,34,132,136,29,0,72,2,0,5,1,3,5,1,1
2024-11-27 13:07:29,20.700001,29.4,2806.0,58,63,164,28,29,4,4,0,2,2,2,5,1,1
2024-11-27 13:07:34,20.700001,29.4,2806.0,58,63,164,28,29,4,4,0,2,2,2,5,1,1
2024-11-27 13:07:39,21.200001,57.599998,2529.0,34,115,17,89,23,3,0,2,0,1,0,4,1,0
2024-11-27 13:07:44,21.200001,57.599998,2529.0,34,115,17,89,23,3,0,2,0,1,0,4,1,0
2024-11-27 13:07:49,19.0,66.699997,1882.0,82,132,136,75,48,74,4,0,0,2,2,2,1,0
2024-11-27 13:07:54,19.0,66.699997,1882.0,82,132,136,75,48,74,4,0,0,2,2,2,1,0
2024-11-27 13:07:59,15.7,28.1,2498.0,40,34,79,41,4,92,3,2,2,4,0,1,1,1
2024-11-27 13:08:04,15.7,28.1,2498.0,40,34,79,41,4,92,3,2,2,4,0,1,1,1
2024-11-27 13:08:09,24.1,36.700001,1635.0,40,119,186,32,13,53,0,0,5,0,3,5,1,0
2024-11-27 13:08:14,24.1,36.700001,1635.0,40,119,186,32,13,53,0,0,5,0,3,5,1,0
2024-11-27 13:08:19,15.3,27.9,2484.0,99,39,37,59,49,17,4,1,2,3,4,5,1,0
2024-11-27 13:08:24,15.3,27.9,2484.0,99,39,37,59,49,17,4,1,2,3,4,5,1,0
2024-11-27 13:08:29,17.9,62.099998,2305.0,59,102,164,7,42,15,3,3,4,0,0,1,0,0
2024-11-27 13:08:34,17.9,62.099998,2305.0,59,102,164,7,42,15,3,3,4,0,0,1,0,0
2024-11-27 13:08:39,18.799999,55.299999,1934.0,59,143,119,10,36,76,5,0,2,3,5,1,1,0
2024-11-27 13:08:44,18.799999,55.299999,1934.0,59,143,119,10,36,76,5,0,2,3,5,1,1,0
2024-11-27 13:08:49,19.799999,58.799999,1420.0,16,139,28,78,41,16,3,5,0,0,1,0,1,1
2024-11-27 13:08:54,19.799999,58.799999,1420.0,16,139,28,78,41,16,3,5,0,0,1,0,1,1
2024-11-27 13:08:59,16.6,39.099998,2598.0,55,11,157,23,4,77,0,2,2,2,1,1,0,0
2024-11-27 13:09:04,16.6,39.099998,2598.0,55,11,157,23,4,77,0,2,2,2,1,1,0,0
2024-11-27 13:09:09,21.5,70.900002,1596.0,41,9,30,96,16,96,1,4,4,1,3,4,1,1
2024-11-27 13:09:14,21.5,70.900002,1596.0,41,9,30,96,16,96,1,4,4,1,3,4,1,1
2024-11-27 13:09:19,24.5,76.5,2195.0,76,18,92,85,14,58,2,4,4,0,1,5,0,1
2024-11-27 13:09:24,24.5,76.5,2195.0,76,18,92,85,14,58,2,4,4,0,1,5,0,1
2024-11-27 13:09:29,16.0,30.299999,2249.0,39,89,144,23,44,77,1,2,0,2,4,3,1,1
2024-11-27 13:09:34,16.0,30.299999,2249.0,39,89,144,23,44,77,1,2,0,2,4,3,1,1
2024-11-27 13:09:39,23.1,48.299999,2145.0,67,4,85,13,12,1,3,4,2,3,3,4,1,1
2024-11-27 13:09:44,23.1,48.299999,2145.0,67,4,85,13,12,1,3,4,2,3,3,4,1,1
2024-11-27 13:09:49,23.799999,61.700001,1696.0,82,75,102,74,18,79,1,2,3,4,0,1,0,0
2024-11-27 13:09:54,23.799999,61.700001,1696.0,82,75,102,74,18,79,1,2,3,4,0,1,0,0
2024-11-27 13:09:59,13.8,45.799999,2334.0,75,56,76,26,29,32,0,1,4,2,1,0,1,0
2024-11-27 13:10:04,13.8,45.799999,2334.0,75,56,76,26,29,32,0,1,4,2,1,0,1,0
2024-11-27 13:10:09,16.6,67.5,2206.0,73,110,29,1,37,66,1,2,4,1,2,5,1,1
2024-11-27 13:10:14,16.6,67.5,2206.0,73,110,29,1,37,66,1,2,4,1,2,5,1,1
2024-11-27 13:10:19,14.0,52.900002,2639.0,67,36,75,24,5,19,3,1,1,5,3,1,0,1
2024-11-27 13:10:24,14.0,52.900002,2639.0,67,36,75,24,5,19,3,1,1,5,3,1,0,1
2024-11-27 13:10:29,11.4,74.699997,2859.0,40,128,99,55,20,34,5,2,3,2,2,1,0,1
2024-11-27 13:10:34,11.4,74.699997,2859.0,40,128,99,55,20,34,5,2,3,2,2,1,0,1
2024-11-27 13:10:39,24.6,49.700001,1582.0,89,124,63,80,20,7,3,3,1,4,0,3,1,1
2024-11-27 13:10:44,24.6,49.700001,1582.0,89,124,63,80,20,7,3,3,1,4,0,3,1,1
2024-11-27 13:10:49,13.6,38.599998,1024.0,98,64,128,56,0,58,1,2,4,4,2,0,0,0
2024-11-27 13:10:54,13.6,38.599998,1024.0,98,64,128,56,0,58,1,2,4,4,2,0,0,0
2024-11-27 13:10:59,20.299999,43.5,1972.0,91,144,2,77,15,42,5,4,5,5,4,4,0,0
2024-11-27 13:11:04,20.299999,43.5,1972.0,91,144,2,77,15,42,5,4,5,5,4,4,0,0
2024-11-27 13:11:09,21.0,43.700001,2648.0,89,143,48,22,36,50,2,0,3,1,4,4,1,1
2024-11-27 13:11:14,21.0,43.700001,2648.0,89,143,48,22,36,50,2,0,3,1,4,4,1,1
2024-11-27 13:11:19,21.200001,70.300003,1461.0,10,78,154,28,7,51,1,3,5,1,0,3,1,0
2024-11-27 13:11:24,21.200001,70.300003,1461.0,10,78,154,28,7,51,1,3,5,1,0,3,1,0
2024-11-27 13:11:29,12.9,54.599998,1146.0,38,142,26,50,10,68,0,3,5,0,3,1,1,0
2024-11-27 13:11:34,12.9,54.599998,1146.0,38,142,26,50,10,68,0,3,5,0,3,1,1,0
2024-11-27 13:11:39,19.0,53.799999,2616.0,3,112,101,45,8,41,0,3,3,0,4,3,0,1
2024-11-27 13:11:44,19.0,53.799999,2616.0,3,112,101,45,8,41,0,3,3,0,4,3,0,1
2024-11-27 13:11:49,11.1,46.400002,1021.0,25,91,108,79,44,41,4,3,3,0,1,0,0,0
2024-11-27 13:11:54,11.1,46.400002,1021.0,25,91,108,79,44,41,4,3,3,0,1,0,0,0
2024-11-27 13:11:59,23.700001,61.299999,1066.0,67,74,101,61,33,56,4,5,1,0,3,0,0,0
2024-11-27 13:12:04,23.700001,61.299999,1066.0,67,74,101,61,33,56,4,5,1,0,3,0,0,0
2024-11-27 13:12:09,22.1,47.900002,2526.0,22,68,143,37,43,76,2,0,1,2,2,4,0,0
2024-11-27 13:12:14,22.1,47.900002,2526.0,22,68,143,37,43,76,2,0,1,2,2,4,0,0
2024-11-27 13:12:19,17.299999,42.400002,2975.0,75,107,67,63,33,70,4,2,4,0,1,1,1,0
2024-11-27 13:12:24,17.299999,42.400002,2975.0,75,107,67,63,33,70,4,2,4,0,1,1,1,0
2024-11-27 13:12:29,15.0,42.700001,2716.0,38,113,163,10,19,82,3,3,5,3,1,4,0,1
2024-11-27 13:12:34,15.0,42.700001,2716.0,38,113,163,10,19,82,3,3,5,3,1,4,0,1
2024-11-27 13:12:39,11.1,65.900002,1587.0,9,66,138,86,32,42,2,2,2,1,4,5,0,0
2024-11-27 13:12:44,11.1,65.900002,1587.0,9,66,138,86,32,42,2,2,2,1,4,5,0,0
2024-11-27 13:12:49,23.700001,51.700001,2090.0,45,74,18,5,39,74,4,4,5,2,3,3,0,0
2024-11-27 13:12:54,23.700001,51.700001,2090.0,45,74,18,5,39,74,4,4,5,2,3,3,0,0
2024-11-27 13:12:59,25.0,43.700001,2301.0,28,19,98,99,40,2,2,3,4,3,0,1,1,0
2024-11-27 13:13:04,25.0,43.700001,2301.0,28,19,98,99,40,2,2,3,4,3,0,1,1,0
2024-11-27 13:13:09,21.1,28.4,2424.0,31,68,84,79,7,62,2,4,2,0,2,4,1,1
2024-11-27 13:13:14,21.1,28.4,2424.0,31,68,84,79,7,62,2,4,2,0,2,4,1,1
2024-11-27 13:13:19,10.6,27.5,1424.0,44,16,93,7,12,42,5,1,5,1,3,1,1,1
2024-11-27 13:13:24,10.6,27.5,1424.0,44,16,93,7,12,42,5,1,5,1,3,1,1,1
2024-11-27 13:13:29,19.0,47.200001,2940.0,52,61,83,77,37,98,2,5,1,4,1,3,1,1
2024-11-27 13:13:34,19.0,47.200001,2940.0,52,61,83,77,37,98,2,5,1,4,1,3,1,1
2024-11-27 13:13:39,19.6,79.199997,2252.0,69,48,17,94,8,5,0,3,5,0,2,0,0,1
2024-11-27 13:13:44,19.6,79.199997,2252.0,69,48,17,94,8,5,0,3,5,0,2,0,0,1
2024-11-27 13:13:49,23.1,38.599998,1984.0,85,56,69,32,12,19,1,4,4,3,1,1,0,0
2024-11-27 13:13:54,23.1,38.599998,1984.0,85,56,69,32,12,19,1,4,4,3,1,1,0,0
2024-11-27 13:13:59,24.5,55.799999,1456.0,78,20,137,12,3,39,3,3,4,4,2,2,0,1
2024-11-27 13:14:04,24.5,55.799999,1456.0,78,20,137,12,3,39,3,3,4,4,2,2,0,1
2024-11-27 13:14:09,22.4,25.5,1482.0,0,36,26,37,35,0,3,5,4,1,5,0,0,1
2024-11-27 13:14:14,22.4,25.5,1482.0,0,36,26,37,35,0,3,5,4,1,5,0,0,1
2024-11-27 13:14:19,16.6,45.400002,2145.0,52,11,134,88,37,93,3,2,0,4,4,0,1,1
2024-11-27 13:14:24,16.6,45.400002,2145.0,52,11,134,88,37,93,3,2,0,4,4,0,1,1
2024-11-27 13:14:29,11.7,44.099998,2049.0,50,28,19,88,44,71,0,1,3,1,3,5,1,1
2024-11-27 13:14:34,11.7,44.099998,2049.0,50,28,19,88,44,71,0,1,3,1,3,5,1,1
2024-11-27 13:14:39,12.6,60.299999,1693.0,62,33,89,13,19,78,0,4,5,0,2,1,1,1
2024-11-27 13:14:44,12.6,60.299999,1693.0,62,33,89,13,19,78,0,4,5,0,2,1,1,1
2024-11-27 13:14:49,12.6,27.299999,2268.0,33,82,152,11,7,21,0,4,3,1,0,4,0,0
2024-11-27 13:14:54,12.6,27.299999,2268.0,33,82,152,11,7,21,0,4,3,1,0,4,0,0
2024-11-27 13:14:59,10.7,71.900002,2610.0,11,7,62,35,32,33,5,2,3,2,1,3,1,1
2024-11-27 13:15:04,10.7,71.900002,2610.0,11,7,62,35,32,33,5,2,3,2,1,3,1,1
2024-11-27 13:15:09,13.8,51.799999,1453.0,72,82,114,43,44,47,3,4,3,5,5,0,0,0
2024-11-27 13:15:14,13.8,51.799999,1453.0,72,82,114,43,44,47,3,4,3,5,5,0,0,0
2024-11-27 13:15:19,21.200001,46.200001,2127.0,57,66,155,75,12,57,4,4,3,0,0,1,1,1
2024-11-27 13:15:24,21.200001,46.200001,2127.0,57,66,155,75,12,57,4,4,3,0,0,1,1,1
2024-11-27 13:15:29,14.3,31.700001,1188.0,64,71,188,53,45,60,3,4,5,0,3,2,0,1
2024-11-27 13:15:34,14.3,31.700001,1188.0,64,71,188,53,45,60,3,4,5,0,3,2,0,1
2024-11-27 13:15:39,10.4,62.599998,2562.0,63,139,22,57,45,34,2,3,0,0,2,0,0,0
2024-11-27 13:15:44,10.4,62.599998,2562.0,63,139,22,57,45,34,2,3,0,0,2,0,0,0
2024-11-27 13:15:49,24.6,55.900002,1671.0,61,42,126,37,3,67,1,2,0,3,3,3,0,0
2024-11-27 13:15:54,24.6,55.900002,1671.0,61,42,126,37,3,67,1,2,0,3,3,3,0,0
2024-11-27 13:15:59,23.700001,29.9,2754.0,94,69,77,7,10,97,4,3,0,2,2,2,0,1
2024-11-27 13:16:04,23.700001,29.9,2754.0,94,69,77,7,10,97,4,3,0,2,2,2,0,1
2024-11-27 13:16:09,12.3,38.700001,1805.0,17,58,187,32,20,30,3,3,1,5,3,5,0,0
2024-11-27 13:16:14,12.3,38.700001,1805.0,17,58,187,32,20,30,3,3,1,5,3,5,0,0
2024-11-27 13:16:19,23.6,78.900002,2095.0,10,134,25,31,10,67,5,3,0,3,0,2,1,0
2024-11-27 13:16:24,23.6,78.900002,2095.0,10,134,25,31,10,67,5,3,0,3,0,2,1,0
2024-11-27 13:16:29,22.700001,76.099998,1510.0,3,83,164,62,28,24,1,0,2,1,3,2,1,1
2024-11-27 13:16:34,22.700001,76.099998,1510.0,3,83,164,62,28,24,1,0,2,1,3,2,1,1
2024-11-27 13:16:39,11.8,31.0,1301.0,7,140,108,7,22,70,2,5,2,5,1,2,1,0
2024-11-27 13:16:44,11.8,31.0,1301.0,7,140,108,7,22,70,2,5,2,5,1,2,1,0
2024-11-27 13:16:49,17.200001,41.900002,2573.0,69,140,118,24,30,7,4,5,2,4,5,0,1,0
2024-11-27 13:16:54,17.200001,41.900002,2573.0,69,140,118,24,30,7,4,5,2,4,5,0,1,0
2024-11-27 13:16:59,19.9,36.799999,2842.0,51,129,119,76,34,87,5,4,0,2,2,2,1,1
2024-11-27 13:17:04,19.9,36.799999,2842.0,51,129,119,76,34,87,5,4,0,2,2,2,1,1
2024-11-27 13:17:09,19.799999,77.900002,1300.0,25,128,176,98,36,92,3,5,4,4,4,3,0,0
2024-11-27 13:17:14,19.799999,77.900002,1300.0,25,128,176,98,36,92,3,5,4,4,4,3,0,0
2024-11-27 13:17:19,10.0,32.400002,2838.0,84,17,5,85,13,91,4,1,2,1,2,3,1,1
2024-11-27 13:17:24,10.0,32.400002,2838.0,84,17,5,85,13,91,4,1,2,1,2,3,1,1
2024-11-27 13:17:29,21.6,50.400002,1421.0,38,122,119,18,26,46,5,0,0,3,4,0,0,1
2024-11-27 13:17:34,21.6,50.400002,1421.0,38,122,119,18,26,46,5,0,0,3,4,0,0,1
2024-11-27 13:17:39,10.3,32.099998,1293.0,31,90,107,87,6,10,3,1,5,0,1,2,1,1
2024-11-27 13:17:44,10.3,32.099998,1293.0,31,90,107,87,6,10,3,1,5,0,1,2,1,1
2024-11-27 13:17:49,15.5,42.200001,2523.0,3,146,181,85,43,24,5,3,2,4,1,2,1,1
2024-11-27 13:17:54,15.5,42.200001,2523.0,3,146,181,85,43,24,5,3,2,4,1,2,1,1
2024-11-27 13:17:59,16.299999,40.099998,1616.0,28,119,171,51,27,29,1,2,4,4,3,3,1,0
2024-11-27 13:18:04,16.299999,40.099998,1616.0,28,119,171,51,27,29,1,2,4,4,3,3,1,0
2024-11-27 13:18:09,17.200001,21.700001,2197.0,42,23,180,30,0,65,0,5,1,1,0,5,0,0
2024-11-27 13:18:14,17.200001,21.700001,2197.0,42,23,180,30,0,65,0,5,1,1,0,5,0,0
2024-11-27 13:18:19,24.700001,35.0,2733.0,46,46,51,11,15,79,1,5,2,1,4,0,1,1
2024-11-27 13:18:24,24.700001,35.0,2733.0,46,46,51,11,15,79,1,5,2,1,4,0,1,1
2024-11-27 13:18:29,20.299999,54.200001,2525.0,4,143,84,97,6,76,3,1,1,2,2,3,0,0
2024-11-27 13:18:34,20.299999,54.200001,2525.0,4,143,84,97,6,76,3,1,1,2,2,3,0,0
2024-11-27 13:18:39,17.299999,41.5,1628.0,59,82,162,3,39,56,2,4,5,4,1,2,0,0
2024-11-27 13:18:44,17.299999,41.5,1628.0,59,82,162,3,39,56,2,4,5,4,1,2,0,0
2024-11-27 13:18:49,22.700001,43.200001,1891.0,17,59,123,42,32,19,0,3,4,1,4,3,0,0
2024-11-27 13:18:54,22.700001,43.200001,1891.0,17,59,123,42,32,19,0,3,4,1,4,3,0,0
2024-11-27 13:18:59,10.1,69.900002,1088.0,63,86,101,9,28,78,5,0,3,4,0,0,0,1
2024-11-27 13:19:04,10.1,69.900002,1088.0,63,86,101,9,28,78,5,0,3,4,0,0,0,1
2024-11-27 13:19:09,19.5,31.1,1224.0,50,12,185,8,45,11,0,4,0,4,3,4,0,1
2024-11-27 13:19:14,19.5,31.1,1224.0,50,12,185,8,45,11,0,4,0,4,3,4,0,1
2024-11-27 13:19:19,13.5,60.599998,1223.0,83,70,68,61,43,59,0,0,1,2,0,1,0,0
2024-11-27 13:19:24,13.5,60.599998,1223.0,83,70,68,61,43,59,0,0,1,2,0,1,0,0
2024-11-27 13:19:29,20.4,37.5,2769.0,49,13,153,78,49,75,3,1,4,1,0,3,0,0
2024-11-27 13:19:34,20.4,37.5,2769.0,49,13,153,78,49,75,3,1,4,1,0,3,0,0
2024-11-27 13:19:39,25.0,43.0,1306.0,46,93,78,43,6,36,1,2,1,3,3,0,1,0
2024-11-27 13:19:44,25.0,43.0,1306.0,46,93,78,43,6,36,1,2,1,3,3,0,1,0
2024-11-27 13:19:49,16.200001,27.299999,1387.0,13,8,173,66,23,48,4,1,2,2,4,0,1,1
2024-11-27 13:19:54,16.200001,27.299999,1387.0,13,8,173,66,23,48,4,1,2,2,4,0,1,1
2024-11-27 13:19:59,18.4,72.300003,2553.0,80,136,114,34,42,14,0,4,5,4,0,2,1,1
2024-11-27 13:20:04,18.4,72.300003,2553.0,80,136,114,34,42,14,0,4,5,4,0,2,1,1
2024-11-27 13:20:09,11.3,26.0,1711.0,28,101,27,2,29,36,3,2,2,3,1,3,0,0
2024-11-27 13:20:14,11.3,26.0,1711.0,28,101,27,2,29,36,3,2,2,3,1,3,0,0
2024-11-27 13:20:19,21.9,38.599998,1417.0,89,62,85,23,43,46,4,4,2,2,1,1,0,1
2024-11-27 13:20:24,21.9,38.599998,1417.0,89,62,85,23,43,46,4,4,2,2,1,1,0,1
2024-11-27 13:20:29,24.0,64.5,1329.0,17,119,18,15,29,66,5,0,5,3,1,0,1,0
2024-11-27 13:20:34,24.0,64.5,1329.0,17,119,18,15,29,66,5,0,5,3,1,0,1,0
2024-11-27 13:20:39,14.4,40.5,1047.0,90,108,127,73,20,90,4,0,5,3,2,3,0,1
2024-11-27 13:20:44,14.4,40.5,1047.0,90,108,127,73,20,90,4,0,5,3,2,3,0,1
2024-11-27 13:20:49,18.6,51.900002,2865.0,52,15,121,69,7,36,1,5,4,1,2,1,1,0
2024-11-27 13:20:54,18.6,51.900002,2865.0,52,15,121,69,7,36,1,5,4,1,2,1,1,0
2024-11-27 13:20:59,14.8,35.5,1532.0,98,146,36,17,25,62,5,2,1,1,3,4,1,1
2024-11-27 13:21:04,14.8,35.5,1532.0,98,146,36,17,25,62,5,2,1,1,3,4,1,1
2024-11-27 13:21:09,19.200001,23.5,2475.0,72,63,7,77,48,71,2,0,0,1,0,2,0,0
2024-11-27 13:21:14,19.200001,23.5,2475.0,72,63,7,77,48,71,2,0,0,1,0,2,0,0
2024-11-27 13:21:19,22.299999,20.799999,2095.0,67,126,65,89,14,52,2,5,2,0,3,2,1,0
2024-11-27 13:21:24,22.299999,20.799999,2095.0,67,126,65,89,14,52,2,5,2,0,3,2,1,0
2024-11-27 13:21:29,17.200001,79.099998,1802.0,67,148,118,74,1,84,3,1,3,0,2,2,1,1
2024-11-27 13:21:34,17.200001,79.099998,1802.0,67,148,118,74,1,84,3,1,3,0,2,2,1,1
2024-11-27 13:21:39,20.5,48.799999,1902.0,21,25,113,93,19,14,0,3,2,4,4,3,0,1
2024-11-27 13:21:44,20.5,48.799999,1902.0,21,25,113,93,19,14,0,3,2,4,4,3,0,1
2024-11-27 13:21:49,13.2,61.299999,2130.0,36,75,42,6,7,20,4,3,0,5,5,2,1,1
2024-11-27 13:21:54,13.2,61.299999,2130.0,36,75,42,6,7,20,4,3,0,5,5,2,1,1
2024-11-27 13:21:59,13.4,20.299999,1140.0,61,90,79,3,38,44,3,1,1,4,0,5,0,1
2024-11-27 13:22:04,13.4,20.299999,1140.0,61,90,79,3,38,44,3,1,1,4,0,5,0,1
2024-11-27 13:22:09,13.8,53.0,2233.0,45,131,36,15,20,19,3,1,4,3,4,0,1,1
2024-11-27 13:22:14,13.8,53.0,2233.0,45,131,36,15,20,19,3,1,4,3,4,0,1,1
2024-11-27 13:22:19,19.5,20.700001,1047.0,22,146,126,78,42,61,3,5,0,5,4,4,1,1
2024-11-27 13:22:24,19.5,20.700001,1047.0,22,146,126,78,42,61,3,5,0,5,4,4,1,1
2024-11-27 13:22:29,15.1,64.699997,1991.0,34,31,38,39,43,97,4,4,2,5,4,5,1,1
2024-11-27 13:22:34,15.1,64.699997,1991.0,34,31,38,39,43,97,4,4,2,5,4,5,1,1
2024-11-27 13:22:39,20.4,53.099998,2969.0,98,135,165,44,19,51,3,1,5,2,3,3,0,1
2024-11-27 13:22:44,20.4,53.099998,2969.0,98,135,165,44,19,51,3,1,5,2,3,3,0,1
2024-11-27 13:22:49,19.9,50.0,2583.0,81,20,182,48,22,64,0,2,4,0,3,2,0,0
2024-11-27 13:22:54,19.9,50.0,2583.0,81,20,182,48,22,64,0,2,4,0,3,2,0,0
2024-11-27 13:22:59,24.200001,55.900002,1280.0,56,102,125,41,22,68,1,1,5,0,5,0,0,0
2024-11-27 13:23:04,24.200001,55.900002,1280.0,56,102,125,41,22,68,1,1,5,0,5,0,0,0
2024-11-27 13:23:09,18.0,74.5,2545.0,3,12,50,14,46,6,1,2,4,5,0,1,0,0
2024-11-27 13:23:14,18.0,74.5,2545.0,3,12,50,14,46,6,1,2,4,5,0,1,0,0
2024-11-27 13:23:19,11.0,34.099998,1049.0,80,15,186,69,2,19,0,4,4,2,0,0,0,1
2024-11-27 13:23:24,11.0,34.099998,1049.0,80,15,186,69,2,19,0,4,4,2,0,0,0,1
2024-11-27 13:23:29,12.8,21.9,2846.0,57,24,36,63,25,60,0,2,0,2,0,5,1,0
2024-11-27 13:23:34,12.8,21.9,2846.0,57,24,36,63,25,60,0,2,0,2,0,5,1,0
2024-11-27 13:23:39,18.299999,66.599998,2977.0,97,68,14,78,35,10,1,2,3,1,1,3,0,1
2024-11-27 13:23:44,18.299999,66.599998,2977.0,97,68,14,78,35,10,1,2,3,1,1,3,0,1
2024-11-27 13:23:49,12.7,31.200001,1435.0,79,112,158,32,49,99,0,4,4,5,1,2,1,1
2024-11-27 13:23:54,12.7,31.200001,1435.0,79,112,158,32,49,99,0,4,4,5,1,2,1,1
2024-11-27 13:23:59,13.3,60.099998,1641.0,31,70,123,84,23,47,5,5,3,1,3,1,0,1
2024-11-27 13:24:04,13.3,60.099998,1641.0,31,70,123,84,23,47,5,5,3,1,3,1,0,1
2024-11-27 13:24:09,11.5,56.200001,1809.0,7,89,191,25,21,78,2,1,1,3,1,1,0,1
2024-11-27 13:24:14,11.5,56.200001,1809.0,7,89,191,25,21,78,2,1,1,3,1,1,0,1
2024-11-27 13:24:19,16.700001,63.299999,1629.0,12,116,48,93,6,5,3,4,4,1,1,1,1,1
2024-11-27 13:24:24,16.700001,63.299999,1629.0,12,116,48,93,6,5,3,4,4,1,1,1,1,1
2024-11-27 13:24:29,10.1,30.6,2527.0,86,124,14,27,35,87,0,0,2,3,2,4,0,1
2024-11-27 13:24:34,10.1,30.6,2527.0,86,124,14,27,35,87,0,0,2,3,2,4,0,1
2024-11-27 13:24:39,23.0,43.299999,1843.0,24,3,182,53,6,1,3,4,1,2,5,2,1,0
2024-11-27 13:24:44,23.0,43.299999,1843.0,24,3,182,53,6,1,3,4,1,2,5,2,1,0
2024-11-27 13:24:49,11.0,30.5,1424.0,67,83,59,51,47,18,4,4,3,0,0,1,1,0
2024-11-27 13:24:54,11.0,30.5,1424.0,67,83,59,51,47,18,4,4,3,0,0,1,1,0
2024-11-27 13:24:59,18.5,55.900002,2766.0,96,103,121,52,25,45,0,2,1,3,3,5,1,1
2024-11-27 13:25:04,18.5,55.900002,2766.0,96,103,121,52,25,45,0,2,1,3,3,5,1,1
2024-11-27 13:25:09,24.200001,29.299999,1479.0,71,85,150,14,36,12,5,4,4,3,4,5,1,1
2024-11-27 13:25:14,24.200001,29.299999,1479.0,71,85,150,14,36,12,5,4,4,3,4,5,1,1
2024-11-27 13:25:19,12.2,37.5,2254.0,94,96,158,58,9,84,5,4,0,3,5,2,1,0
2024-11-27 13:25:24,12.2,37.5,2254.0,94,96,158,58,9,84,5,4,0,3,5,2,1,0
2024-11-27 13:25:29,19.200001,25.4,1003.0,31,28,55,98,19,30,5,1,5,2,0,3,1,0
2024-11-27 13:25:34,19.200001,25.4,1003.0,31,28,55,98,19,30,5,1,5,2,0,3,1,0
2024-11-27 13:25:39,23.6,76.800003,2634.0,9,97,4,89,40,51,3,4,3,5,2,1,0,0
2024-11-27 13:25:44,23.6,76.800003,2634.0,9,97,4,89,40,51,3,4,3,5,2,1,0,0
2024-11-27 13:25:49,24.200001,57.599998,1897.0,31,51,46,60,35,43,4,2,2,3,4,3,1,1
2024-11-27 13:25:54,24.200001,57.599998,1897.0,31,51,46,60,35,43,4,2,2,3,4,3,1,1
2024-11-27 13:25:59,13.0,53.700001,1285.0,33,79,138,47,48,94,3,4,3,4,1,5,0,1
2024-11-27 13:26:04,13.0,53.700001,1285.0,33,79,138,47,48,94,3,4,3,4,1,5,0,1
2024-11-27 13:26:09,14.6,64.900002,1030.0,85,142,24,25,21,42,5,5,1,2,5,2,1,0
2024-11-27 13:26:14,14.6,64.900002,1030.0,85,142,24,25,21,42,5,5,1,2,5,2,1,0
2024-11-27 13:26:19,19.6,48.299999,2096.0,1,103,171,55,26,26,4,2,3,2,5,0,0,1
2024-11-27 13:26:24,19.6,48.299999,2096.0,1,103,171,55,26,26,4,2,3,2,5,0,0,1
2024-11-27 13:26:29,19.5,35.400002,2468.0,10,148,62,14,4,69,5,5,4,3,3,0,0,1
2024-11-27 13:26:34,19.5,35.400002,2468.0,10,148,62,14,4,69,5,5,4,3,3,0,0,1
2024-11-27 13:26:39,19.799999,76.900002,1834.0,78,68,178,15,25,35,1,1,4,2,4,4,1,1
2024-11-27 13:26:44,19.799999,76.900002,1834.0,78,68,178,15,25,35,1,1,4,2,4,4,1,1
2024-11-27 13:26:49,24.299999,37.099998,1215.0,87,99,66,71,41,11,5,2,2,2,2,4,0,0
2024-11-27 13:26:54,24.299999,37.099998,1215.0,87,99,66,71,41,11,5,2,2,2,2,4,0,0
2024-11-27 13:26:59,20.4,37.0,2707.0,20,105,63,15,39,64,5,1,3,0,2,4,0,0
2024-11-27 13:27:04,20.4,37.0,2707.0,20,105,63,15,39,64,5,1,3,0,2,4,0,0
2024-11-27 13:27:09,24.4,72.400002,1756.0,97,108,185,66,18,44,0,0,4,4,5,4,0,1
2024-11-27 13:27:14,24.4,72.400002,1756.0,97,108,185,66,18,44,0,0,4,4,5,4,0,1
2024-11-27 13:27:19,16.4,75.099998,1096.0,52,66,191,78,24,14,1,3,0,4,1,1,0,1
2024-11-27 13:27:24,16.4,75.099998,1096.0,52,66,191,78,24,14,1,3,0,4,1,1,0,1
2024-11-27 13:27:29,11.5,48.700001,1949.0,43,67,40,7,35,98,0,0,5,3,1,0,1,1
2024-11-27 13:27:34,11.5,48.700001,1949.0,43,67,40,7,35,98,0,0,5,3,1,0,1,1
2024-11-27 13:27:39,12.6,22.1,1866.0,7,105,180,97,31,43,0,3,0,5,3,0,0,0
2024-11-27 13:27:44,12.6,22.1,1866.0,7,105,180,97,31,43,0,3,0,5,3,0,0,0
2024-11-27 13:27:49,24.9,68.099998,2244.0,65,141,13,1,2,28,5,0,2,3,3,2,1,0
2024-11-27 13:27:54,24.9,68.099998,2244.0,65,141,13,1,2,28,5,0,2,3,3,2,1,0
2024-11-27 13:27:59,16.9,75.800003,2593.0,55,123,189,54,27,57,3,5,4,4,0,3,0,1
2024-11-27 13:28:04,16.9,75.800003,2593.0,55,123,189,54,27,57,3,5,4,4,0,3,0,1
2024-11-27 13:28:09,14.8,25.0,2995.0,62,126,133,90,39,84,1,2,4,2,0,3,1,0
2024-11-27 13:28:14,14.8,25.0,2995.0,62,126,133,90,39,84,1,2,4,2,0,3,1,0
2024-11-27 13:28:19,21.4,20.799999,2541.0,57,99,145,63,49,97,4,0,1,3,1,0,1,1
2024-11-27 13:28:24,21.4,20.799999,2541.0,57,99,145,63,49,97,4,0,1,3,1,0,1,1
2024-11-27 13:28:29,21.799999,28.299999,2066.0,45,0,122,34,6,78,0,2,5,5,2,1,0,0
2024-11-27 13:28:34,21.799999,28.299999,2066.0,45,0,122,34,6,78,0,2,5,5,2,1,0,0
2024-11-27 13:28:39,15.8,35.099998,2273.0,22,98,26,53,43,75,0,5,2,1,3,4,1,1
2024-11-27 13:28:44,15.8,35.099998,2273.0,22,98,26,53,43,75,0,5,2,1,3,4,1,1
2024-11-27 13:28:49,20.299999,54.700001,1159.0,79,36,133,36,25,68,2,1,5,1,2,3,1,0
2024-11-27 13:28:54,20.299999,54.700001,1159.0,79,36,133,36,25,68,2,1,5,1,2,3,1,0
2024-11-27 13:28:59,17.9,32.700001,1980.0,98,127,89,33,23,52,4,4,0,2,0,1,1,0
2024-11-27 13:29:04,17.9,32.700001,1980.0,98,127,89,33,23,52,4,4,0,2,0,1,1,0
2024-11-27 13:29:09,12.9,47.900002,1004.0,73,14,47,3,17,57,5,0,0,1,5,2,0,0
2024-11-27 13:29:14,12.9,47.900002,1004.0,73,14,47,3,17,57,5,0,0,1,5,2,0,0
2024-11-27 13:29:19,18.299999,30.5,2380.0,15,41,184,57,40,53,5,1,3,4,1,2,0,1
2024-11-27 13:29:24,18.299999,30.5,2380.0,15,41,184,57,40,53,5,1,3,4,1,2,0,1
2024-11-27 13:29:29,22.5,42.599998,2709.0,2,10,63,58,2,21,1,5,4,2,1,1,0,0
2024-11-27 13:29:34,22.5,42.599998,2709.0,2,10,63,58,2,21,1,5,4,2,1,1,0,0
2024-11-27 13:29:39,18.299999,27.700001,1975.0,27,70,180,65,22,84,2,3,0,1,4,3,1,1
2024-11-27 13:29:44,18.299999,27.700001,1975.0,27,70,180,65,22,84,2,3,0,1,4,3,1,1
2024-11-27 13:29:49,13.8,54.5,1779.0,49,145,103,83,35,57,1,5,4,1,2,1,1,1
2024-11-27 13:29:54,13.8,54.5,1779.0,49,145,103,83,35,57,1,5,4,1,2,1,1,1
2024-11-27 13:29:59,17.6,71.099998,1570.0,26,96,134,86,4,11,4,1,3,4,4,1,0,1
2024-11-27 13:30:05,17.6,71.099998,1570.0,26,96,134,86,4,11,4,1,3,4,4,1,0,1
2024-11-27 13:30:09,16.9,38.400002,1693.0,59,102,186,67,7,53,0,2,2,1,4,0,0,0
2024-11-27 13:30:14,16.9,38.400002,1693.0,59,102,186,67,7,53,0,2,2,1,4,0,0,0
2024-11-27 13:30:19,13.4,37.799999,1795.0,18,5,187,73,40,68,2,5,5,5,0,5,1,0
2024-11-27 13:30:25,13.4,37.799999,1795.0,18,5,187,73,40,68,2,5,5,5,0,5,1,0
2024-11-27 13:30:29,23.0,59.400002,1380.0,18,142,20,23,35,70,5,5,3,2,5,2,1,1
2024-11-27 13:30:35,23.0,59.400002,1380.0,18,142,20,23,35,70,5,5,3,2,5,2,1,1
2024-11-27 13:30:40,24.0,61.0,1706.0,25,122,6,46,21,76,3,5,1,2,2,4,0,0
2024-11-27 13:30:45,24.0,61.0,1706.0,25,122,6,46,21,76,3,5,1,2,2,4,0,0
2024-11-27 13:30:50,12.0,26.5,1295.0,69,38,142,42,32,94,5,3,3,5,0,5,1,1
2024-11-27 13:30:55,12.0,26.5,1295.0,69,38,142,42,32,94,5,3,3,5,0,5,1,1
2024-11-27 13:31:00,21.0,68.199997,1027.0,68,141,99,78,48,39,0,0,3,0,4,3,1,0
2024-11-27 13:31:05,21.0,68.199997,1027.0,68,141,99,78,48,39,0,0,3,0,4,3,1,0
2024-11-27 13:31:10,24.6,30.799999,1916.0,87,87,131,79,45,64,0,3,0,5,0,3,0,0
2024-11-27 13:31:15,24.6,30.799999,1916.0,87,87,131,79,45,64,0,3,0,5,0,3,0,0
2024-11-27 13:31:20,15.0,41.400002,2258.0,68,144,145,38,45,33,2,5,1,3,4,0,0,0
2024-11-27 13:31:25,15.0,41.400002,2258.0,68,144,145,38,45,33,2,5,1,3,4,0,0,0
2024-11-27 13:31:30,15.2,29.5,2909.0,74,66,116,80,3,14,2,5,4,0,2,1,1,1
2024-11-27 13:31:35,15.2,29.5,2909.0,74,66,116,80,3,14,2,5,4,0,2,1,1,1
2024-11-27 13:31:40,23.4,61.799999,2527.0,76,110,7,38,41,93,5,2,0,2,2,3,0,0
2024-11-27 13:31:45,23.4,61.799999,2527.0,76,110,7,38,41,93,5,2,0,2,2,3,0,0
2024-11-27 13:31:50,14.3,65.300003,1623.0,9,139,42,97,31,94,2,5,4,3,2,3,1,0
2024-11-27 13:31:55,14.3,65.300003,1623.0,9,139,42,97,31,94,2,5,4,3,2,3,1,0
2024-11-27 13:32:00,12.7,28.5,1139.0,44,132,145,78,49,48,4,4,4,0,3,0,1,0
2024-11-27 13:32:05,12.7,28.5,1139.0,44,132,145,78,49,48,4,4,4,0,3,0,1,0
2024-11-27 13:32:10,16.1,58.200001,1631.0,10,91,111,19,34,37,0,1,1,1,2,2,1,0
2024-11-27 13:32:15,16.1,58.200001,1631.0,10,91,111,19,34,37,0,1,1,1,2,2,1,0
2024-11-27 13:32:20,17.799999,38.900002,1708.0,17,74,1,94,20,67,4,1,3,0,3,3,1,0
2024-11-27 13:32:25,17.799999,38.900002,1708.0,17,74,1,94,20,67,4,1,3,0,3,3,1,0
2024-11-27 13:32:30,12.9,33.299999,2667.0,90,81,69,33,41,7,1,3,3,0,5,0,0,1
2024-11-27 13:32:35,12.9,33.299999,2667.0,90,81,69,33,41,7,1,3,3,0,5,0,0,1
2024-11-27 13:32:40,10.6,77.0,2781.0,0,56,121,9,34,30,1,0,5,1,2,2,0,0
2024-11-27 13:32:45,10.6,77.0,2781.0,0,56,121,9,34,30,1,0,5,1,2,2,0,0
2024-11-27 13:32:50,10.3,40.5,2636.0,5,20,152,32,10,59,0,1,4,2,2,5,1,0
2024-11-27 13:32:55,10.3,40.5,2636.0,5,20,152,32,10,59,0,1,4,2,2,5,1,0
2024-11-27 13:33:00,18.6,42.099998,1428.0,56,132,159,72,43,37,4,1,3,0,4,1,0,1
2024-11-27 13:33:05,18.6,42.099998,1428.0,56,132,159,72,43,37,4,1,3,0,4,1,0,1
2024-11-27 13:33:10,24.200001,32.5,1365.0,42,42,45,46,8,40,3,2,5,3,3,3,0,1
2024-11-27 13:33:21,15.6,20.4,1206.0,34,145,167,21,38,15,3,2,3,3,4,5,0,1
2024-11-27 13:33:26,15.6,20.4,1206.0,34,145,167,21,38,15,3,2,3,3,4,5,0,1
2024-11-27 13:33:31,15.3,52.099998,2922.0,27,1,129,70,49,71,4,5,1,2,4,5,1,1
2024-11-27 13:33:35,15.3,52.099998,2922.0,27,1,129,70,49,71,4,5,1,2,4,5,1,1
2024-11-27 13:33:41,12.6,60.599998,1648.0,37,105,111,45,38,21,0,5,2,1,5,2,0,1
2024-11-27 13:33:51,15.5,46.700001,1361.0,73,118,63,95,39,82,5,2,2,2,5,3,0,0
2024-11-27 13:34:01,21.5,37.5,1320.0,79,115,193,41,24,95,2,1,5,0,1,3,0,1
2024-11-27 13:34:11,14.5,42.700001,2964.0,92,20,26,85,46,33,5,2,0,4,5,1,1,1
2024-11-27 13:34:21,15.2,20.0,1758.0,74,147,52,51,11,39,3,5,5,4,0,1,1,0
2024-11-27 13:34:26,15.2,20.0,1758.0,74,147,52,51,11,39,3,5,5,4,0,1,1,0
2024-11-27 13:34:31,22.799999,64.5,2398.0,22,16,168,42,29,66,2,1,5,1,3,1,1,0
2024-11-27 13:34:36,22.799999,64.5,2398.0,22,16,168,42,29,66,2,1,5,1,0,3,0,1
2024-11-27 13:34:41,23.799999,29.9,1930.0,41,54,168,62,42,29,5,2,3,4,0,3,0,1
2024-11-27 13:34:51,16.200001,61.200001,2456.0,7,62,139,15,48,2,1,5,4,1,5,5,1,0
2024-11-27 13:35:01,17.1,72.5,1830.0,91,55,99,93,28,78,1,5,3,4,4,4,1,1
2024-11-27 13:35:11,18.700001,33.400002,2449.0,96,26,13,21,6,26,2,3,5,4,4,1,1,0
2024-11-27 13:35:21,22.0,73.599998,1420.0,90,0,197,76,21,71,0,4,4,2,2,4,1,0
2024-11-27 13:35:26,22.0,73.599998,1420.0,90,0,197,76,21,71,0,4,4,5,0,1,1,0
2024-11-27 13:35:31,23.5,59.599998,1996.0,70,49,21,54,13,80,2,5,4,5,0,1,1,0
2024-11-27 13:35:41,21.5,47.200001,2487.0,9,28,111,0,10,23,5,5,0,4,4,4,0,0
2024-11-27 13:35:51,21.200001,48.5,2249.0,46,107,161,98,19,6,4,5,4,0,5,0,1,0
2024-11-27 13:35:56,21.200001,48.5,2249.0,46,107,161,98,19,6,4,5,4,0,4,1,0,1
2024-11-27 13:36:01,13.8,33.5,1130.0,95,18,153,28,31,58,2,4,3,2,4,1,0,1
2024-11-27 13:36:11,17.200001,31.5,2457.0,13,48,133,51,23,3,1,5,4,0,0,4,0,0
2024-11-27 13:36:21,21.200001,68.099998,1571.0,69,32,148,97,14,59,0,3,4,4,5,3,0,0
2024-11-27 13:36:31,12.7,52.599998,2254.0,74,43,28,10,47,40,5,5,5,2,3,1,1,0
2024-11-27 13:36:36,12.7,52.599998,2254.0,74,43,28,10,47,40,5,5,5,2,5,0,1,1
2024-11-27 13:36:41,10.1,59.0,1370.0,92,84,65,56,26,95,1,1,0,5,5,0,1,1
2024-11-27 13:36:51,11.6,63.200001,1894.0,40,140,71,23,21,89,5,2,4,3,2,5,0,0
2024-11-27 13:36:56,11.6,63.200001,1894.0,40,140,71,23,21,89,5,2,3,4,4,2,1,0
2024-11-27 13:37:01,24.9,79.400002,1288.0,56,123,140,41,23,6,1,2,3,4,4,2,1,0
2024-11-27 13:37:11,21.1,21.799999,2924.0,53,13,64,3,17,4,3,5,4,2,5,5,1,1
2024-11-27 13:37:21,17.299999,33.200001,1788.0,70,67,48,33,37,44,5,0,1,3,1,4,1,1
2024-11-27 13:37:31,16.299999,77.5,1810.0,4,23,75,91,34,53,5,3,3,5,2,3,1,1
2024-11-27 13:37:41,24.200001,64.300003,1957.0,25,148,84,96,36,65,4,0,2,5,4,2,1,1
2024-11-27 13:37:46,24.200001,64.300003,1957.0,25,148,84,96,36,65,1,5,1,1,2,1,0,1
2024-11-27 13:37:51,16.799999,44.200001,2119.0,58,112,113,79,0,94,1,5,1,1,2,1,0,1
2024-11-27 13:37:56,16.799999,44.200001,2119.0,58,112,113,79,0,94,4,0,2,1,5,3,0,1
2024-11-27 13:38:01,23.1,34.799999,2633.0,34,16,112,19,29,22,4,0,2,1,5,3,0,1
2024-11-27 13:38:11,11.8,65.400002,2065.0,84,66,137,26,40,7,4,0,4,4,1,3,1,1
2024-11-27 13:38:21,13.7,31.4,1066.0,42,65,103,10,36,54,5,2,4,2,2,4,0,1
2024-11-27 13:38:26,13.7,31.4,1066.0,42,65,103,1,23,46,4,0,0,5,4,0,1,1
2024-11-27 13:38:31,10.4,22.6,2341.0,28,14,113,1,23,46,4,0,0,5,4,0,1,1
2024-11-27 13:38:36,10.4,22.6,2341.0,28,17,157,90,44,65,2,4,0,5,1,5,1,1
2024-11-27 13:38:41,11.0,45.0,2341.0,61,17,157,90,44,65,2,4,0,5,1,5,1,1
2024-11-27 13:38:46,11.0,45.0,2341.0,61,52,4,64,34,85,0,5,4,5,5,2,0,1
2024-11-27 13:38:51,17.5,63.900002,1785.0,79,52,4,64,34,85,0,5,4,5,5,2,0,1
2024-11-27 13:38:56,17.5,63.900002,1785.0,32,18,192,81,45,83,4,4,2,4,2,0,0,1
2024-11-27 13:39:01,18.0,38.400002,1572.0,32,18,192,81,45,83,4,4,2,4,2,0,0,1
2024-11-27 13:39:06,18.0,38.400002,1572.0,34,102,79,90,11,32,1,2,2,5,2,5,0,0
2024-11-27 13:39:11,20.9,74.0,1741.0,34,102,79,90,11,32,1,2,2,5,2,5,0,0
2024-11-27 13:39:16,20.9,74.0,1741.0,69,63,166,6,23,43,5,2,3,0,3,4,1,0
2024-11-27 13:39:21,12.1,22.9,2776.0,69,63,166,6,23,43,5,2,3,0,3,4,1,0
2024-11-27 13:39:26,12.1,22.900002,1402.0,32,51,96,52,33,31,4,5,2,5,1,3,1,0
2024-11-27 13:39:32,14.8,57.400002,1402.0,32,51,96,52,33,31,4,5,2,5,1,3,1,0
2024-11-27 13:39:36,14.8,57.400001,2675.0,14,5,191,22,27,50,0,2,2,0,0,3,1,1
2024-11-27 13:39:41,16.200001,25.200001,2675.0,14,5,191,22,27,50,0,2,2,0,0,3,1,1
2024-11-27 13:39:47,16.200001,25.2,1561.0,7,149,76,85,38,39,2,5,5,1,0,5,0,0
2024-11-27 13:39:52,18.6,65.5,1561.0,7,149,76,85,38,39,2,5,5,1,0,5,0,0
2024-11-27 13:39:57,18.5,23.700001,1405.0,12,64,121,50,17,72,0,0,3,0,1,4,1,0
2024-11-27 13:40:02,19.5,23.700001,1405.0,12,64,121,50,17,72,0,0,3,0,1,4,1,0
2024-11-27 13:40:07,19.6,29.200001,1546.0,76,61,185,54,12,50,5,5,2,3,0,1,0,1
2024-11-27 13:40:12,17.6,29.200001,1546.0,76,61,185,54,12,50,5,5,2,3,0,1,0,1
2024-11-27 13:40:17,21.799999,38.900002,2561.0,14,63,126,99,16,50,2,4,2,2,1,5,1,1
2024-11-27 13:40:22,21.799999,38.900002,2561.0,14,63,126,99,16,50,2,4,2,2,1,5,1,1
2024-11-27 13:40:27,15.7,68.699997,2468.0,98,117,74,27,17,85,2,3,0,1,0,4,1,0
2024-11-27 13:40:32,15.7,68.699997,2468.0,98,117,74,27,17,85,2,3,0,1,0,4,1,0
2024-11-27 13:40:37,16.9,46.400002,1342.0,13,139,141,84,18,66,2,2,0,0,4,1,1,1
2024-11-27 13:40:42,16.9,46.400002,1342.0,13,139,141,84,18,66,2,2,0,0,4,1,1,1
2024-11-27 13:40:47,20.6,32.799999,2112.0,51,97,82,83,42,65,0,3,2,5,2,4,1,0
2024-11-27 13:40:52,20.6,32.799999,2112.0,51,97,82,83,42,65,0,3,2,5,2,4,1,0
2024-11-27 13:40:57,13.7,49.799999,1876.0,75,20,33,78,0,82,0,1,3,1,2,3,0,0
2024-11-27 13:41:02,13.7,49.799999,1876.0,75,20,33,78,0,82,0,1,3,1,2,3,0,0
2024-11-27 13:41:07,24.299999,75.199997,2933.0,47,43,178,27,14,23,1,1,1,5,2,4,1,1
2024-11-27 13:41:12,24.299999,75.199997,2933.0,47,43,178,27,14,23,1,1,1,5,2,4,1,1
2024-11-27 13:41:17,12.2,72.0,1959.0,31,21,155,2,30,14,4,1,0,3,4,1,1,1
2024-11-27 13:41:22,12.2,72.0,1959.0,31,21,155,2,30,14,4,1,0,3,4,1,1,1
2024-11-27 13:41:27,22.700001,66.099998,1316.0,52,111,20,45,29,1,4,2,0,5,1,5,1,1
2024-11-27 13:41:32,22.700001,66.099998,1316.0,52,111,20,45,29,1,4,2,0,5,1,5,1,1
2024-11-27 13:41:37,21.5,55.599998,1303.0,75,23,92,89,24,52,2,3,2,3,1,5,0,0
2024-11-27 13:41:42,21.5,55.599998,1303.0,75,23,92,89,24,52,2,3,2,3,1,5,0,0
2024-11-27 13:41:47,14.0,52.900002,2530.0,44,31,149,3,36,4,4,3,5,5,4,4,0,0
2024-11-27 13:41:52,14.0,52.900002,2530.0,44,31,149,3,36,4,4,3,5,5,4,4,0,0
2024-11-27 13:41:57,17.9,26.9,2133.0,25,90,51,60,15,74,4,3,2,2,0,5,1,0
2024-11-27 13:42:02,17.9,26.9,2133.0,25,90,51,60,15,74,4,3,2,2,0,5,1,0
2024-11-27 13:42:07,15.9,71.599998,1822.0,22,5,130,52,10,76,5,3,5,5,1,4,0,1
2024-11-27 13:42:12,15.9,71.599998,1822.0,22,5,130,52,10,76,5,3,5,5,1,4,0,1
2024-11-27 13:42:17,18.4,33.900002,1968.0,16,125,33,79,6,83,3,4,5,4,3,0,0,1
2024-11-27 13:42:22,18.4,33.900002,1968.0,16,125,33,79,6,83,3,4,5,4,3,0,0,1
2024-11-27 13:42:27,10.6,49.599998,2186.0,6,66,152,77,34,25,4,5,3,2,1,0,0,0
2024-11-27 13:42:32,10.6,49.599998,2186.0,6,66,152,77,34,25,4,5,3,2,1,0,0,0
2024-11-27 13:42:37,13.1,52.400002,1989.0,29,99,191,83,10,8,2,5,3,3,4,0,0,1
2024-11-27 13:42:42,13.1,52.400002,1989.0,29,99,191,83,10,8,2,5,3,3,4,0,0,1
2024-11-27 13:42:47,12.7,31.799999,2641.0,28,36,104,66,10,68,0,0,2,3,1,0,1,1
2024-11-27 13:42:52,12.7,31.799999,2641.0,28,36,104,66,10,68,0,0,2,3,1,0,1,1
2024-11-27 13:42:57,17.0,59.799999,2900.0,85,8,30,94,24,54,5,1,3,5,3,1,0,0
2024-11-27 13:43:02,17.0,59.799999,2900.0,85,8,30,94,24,54,5,1,3,5,3,1,0,0
2024-11-27 13:43:07,17.6,47.5,2487.0,49,71,193,50,21,54,3,0,0,1,1,1,0,0
2024-11-27 13:43:12,17.6,47.5,2487.0,49,71,193,50,21,54,3,0,0,1,1,1,0,0
2024-11-27 13:43:18,10.0,39.5,2431.0,69,32,106,74,48,63,5,1,0,4,0,3,1,1
2024-11-27 13:43:22,10.0,39.5,2431.0,69,32,106,74,48,63,5,1,0,4,0,3,1,1
2024-11-27 13:43:27,12.0,76.0,2713.0,7,43,110,95,21,38,3,1,5,2,2,1,0,0
2024-11-27 13:43:33,12.0,76.0,2713.0,7,43,110,95,21,38,3,1,5,2,2,1,0,0
2024-11-27 13:43:37,20.9,54.299999,1709.0,68,55,90,26,28,16,0,4,1,5,3,4,1,0
2024-11-27 13:43:43,20.9,54.299999,1709.0,68,55,90,26,28,16,0,4,1,5,3,4,1,0
2024-11-27 13:43:48,16.6,68.5,1442.0,24,112,116,73,10,0,1,0,4,4,2,0,1,1
2024-11-27 13:43:53,16.6,68.5,1442.0,24,112,116,73,10,0,1,0,4,4,2,0,1,1
2024-11-27 13:43:58,24.5,27.0,2939.0,99,61,75,11,43,5,1,1,3,3,1,4,1,0
2024-11-27 13:44:03,24.5,27.0,2939.0,99,61,75,11,43,5,1,1,3,3,1,4,1,0
2024-11-27 13:44:08,23.4,36.700001,1542.0,49,78,9,72,1,91,4,3,4,1,3,5,0,1
2024-11-27 13:44:13,23.4,36.700001,1542.0,49,78,9,72,1,91,4,3,4,1,3,5,0,1
2024-11-27 13:44:18,10.4,72.400002,1355.0,84,91,173,17,8,95,0,3,2,2,5,2,0,1
2024-11-27 13:44:23,10.4,72.400002,1355.0,84,91,173,17,8,95,0,3,2,2,5,2,0,1
2024-11-27 13:44:28,10.3,44.099998,1589.0,13,60,109,34,12,38,1,4,2,1,4,3,1,0
2024-11-27 13:44:33,10.3,44.099998,1589.0,13,60,109,34,12,38,1,4,2,1,4,3,1,0
2024-11-27 13:44:38,21.1,63.799999,1245.0,23,74,71,68,35,17,1,2,5,5,2,0,0,1
2024-11-27 13:46:17,19.9,79.900002,1484.0,36,76,31,1,13,10,3,1,1,3,2,0,1,0
2024-11-27 13:46:22,19.9,79.900002,1484.0,36,76,31,1,13,10,3,1,1,3,2,0,1,0
2024-11-27 13:46:27,13.8,27.799999,2743.0,49,20,56,4,34,60,2,4,5,4,5,5,1,1
2024-11-27 13:46:32,13.8,27.799999,2743.0,49,20,56,4,34,60,2,4,5,4,5,5,1,1
2024-11-27 13:46:37,15.7,77.5,1824.0,84,93,45,49,46,56,1,2,5,2,4,5,1,0
2024-11-27 13:46:42,15.7,77.5,1824.0,84,93,45,49,46,56,1,2,5,2,4,5,1,0
2024-11-27 13:46:47,12.9,59.900002,1195.0,27,142,106,63,6,11,2,4,3,2,2,4,0,1
2024-11-27 13:46:52,12.9,59.900002,1195.0,27,142,106,63,6,11,2,4,3,2,2,4,0,1
2024-11-27 13:46:57,20.0,59.700001,2625.0,87,51,187,31,38,18,3,5,3,0,2,5,1,1
2024-11-27 13:47:02,20.0,59.700001,2625.0,87,51,187,31,38,18,3,5,3,0,2,5,1,1
2024-11-27 13:47:07,12.3,66.199997,2140.0,3,47,8,78,7,26,3,4,2,1,3,0,0,1
2024-11-27 13:47:12,12.3,66.199997,2140.0,3,47,8,78,7,26,3,4,2,1,3,0,0,1
2024-11-27 13:47:17,17.4,61.299999,2887.0,0,74,105,3,18,73,5,4,4,1,4,4,0,0
2024-11-27 13:47:22,17.4,61.299999,2887.0,0,74,105,3,18,73,5,4,4,1,4,4,0,0
2024-11-27 13:47:27,22.700001,79.699997,2860.0,58,86,19,24,47,31,0,1,3,4,4,1,0,1
2024-11-27 13:47:32,22.700001,79.699997,2860.0,58,86,19,24,47,31,0,1,3,4,4,1,0,1
2024-11-27 13:47:37,13.0,58.599998,1723.0,30,55,132,6,39,19,5,0,5,4,5,1,1,1
2024-11-27 13:47:42,13.0,58.599998,1723.0,30,55,132,6,39,19,5,0,5,4,5,1,1,1
2024-11-27 13:47:47,20.299999,52.599998,2873.0,41,106,44,74,3,60,3,4,3,5,1,1,1,1
2024-11-27 13:47:52,20.299999,52.599998,2873.0,41,106,44,74,3,60,3,4,3,5,1,1,1,1
2024-11-27 13:47:57,22.200001,32.5,2373.0,72,45,153,45,26,12,1,3,3,5,1,0,1,0
2024-11-27 13:48:02,22.200001,32.5,2373.0,72,45,153,45,26,12,1,3,3,5,1,0,1,0
2024-11-27 13:48:07,18.6,44.900002,1161.0,94,131,130,70,5,16,0,4,0,1,3,4,1,1
2024-11-27 13:48:12,18.6,44.900002,1161.0,94,131,130,70,5,16,0,4,0,1,3,4,1,1
2024-11-27 13:48:17,20.299999,61.099998,1432.0,83,60,67,17,13,7,2,4,1,0,5,1,1,0
2024-11-27 13:48:22,20.299999,61.099998,1432.0,83,60,67,17,13,7,2,4,1,0,5,1,1,0
2024-11-27 13:48:27,17.200001,41.900002,2477.0,14,110,119,20,48,4,3,0,3,5,1,5,0,0
2024-11-27 13:48:32,17.200001,41.900002,2477.0,14,110,119,20,48,4,3,0,3,5,1,5,0,0
2024-11-27 13:48:37,18.5,51.799999,2153.0,42,47,88,78,25,16,4,1,0,1,5,5,0,1
2024-11-27 13:48:42,18.5,51.799999,2153.0,42,47,88,78,25,16,4,1,0,1,5,5,0,1
2024-11-27 13:48:47,22.5,73.699997,1340.0,7,117,197,96,48,51,0,0,1,0,4,4,1,1
2024-11-27 13:48:52,22.5,73.699997,1340.0,7,117,197,96,48,51,0,0,1,0,4,4,1,1
2024-11-27 13:49:33,18.9,48.099998,2156.0,94,9,30,5,48,54,5,3,2,1,2,5,0,0
2024-11-27 13:50:08,14.5,30.9,1732.0,47,127,35,14,6,85,2,5,4,0,4,2,1,0
2024-11-27 13:50:37,13.8,56.900002,2402.0,35,75,128,36,4,50,0,4,5,3,0,0,0,1
2024-11-27 13:51:04,18.700001,22.200001,1402.0,76,111,127,79,26,82,5,2,4,1,2,5,0,1
2024-11-27 13:51:32,15.1,42.5,2974.0,85,93,67,36,21,28,1,1,0,3,5,5,0,0
2024-11-27 13:51:37,12.7,28.4,2422.0,85,147,176,89,13,25,3,3,4,3,0,4,0,0
2024-11-27 13:51:42,12.7,28.4,2422.0,85,147,176,89,13,25,3,3,4,3,0,4,0,0
2024-11-27 13:51:47,22.1,56.799999,2163.0,36,107,99,78,22,45,1,5,5,4,0,4,0,0
2024-11-27 13:51:52,22.1,56.799999,2163.0,36,107,99,78,22,45,1,5,5,4,0,4,0,0
2024-11-27 13:51:57,17.700001,20.200001,2704.0,95,42,178,77,0,87,3,5,1,1,5,1,0,1
2024-11-27 13:52:02,17.700001,20.200001,2704.0,95,42,178,77,0,87,3,5,1,1,5,1,0,1
2024-11-27 13:52:07,17.200001,63.200001,1089.0,97,119,70,53,9,95,0,2,4,3,0,1,1,1
2024-11-27 13:52:12,17.200001,63.200001,1089.0,97,119,70,53,9,95,0,2,4,3,0,1,1,1
2024-11-27 13:52:17,22.9,49.299999,2145.0,69,142,160,90,19,44,3,0,3,1,1,2,0,0
2024-11-27 13:52:22,22.9,49.299999,2145.0,69,142,160,90,19,44,3,0,3,1,1,2,0,0
2024-11-27 13:52:27,23.299999,36.299999,2526.0,48,17,8,75,20,96,2,3,4,2,4,4,1,1
2024-11-27 13:52:32,23.299999,36.299999,2526.0,48,17,8,75,20,96,2,3,4,2,4,4,1,1
2024-11-27 13:52:38,10.0,54.200001,2259.0,7,89,156,79,23,82,3,0,5,3,5,2,1,0
2024-11-27 13:52:44,10.0,54.200001,2259.0,7,89,156,79,23,82,3,0,5,3,5,2,1,0
2024-11-27 13:52:49,14.7,42.200001,2680.0,75,21,14,79,20,62,0,1,0,5,5,5,0,1
2024-11-27 13:52:54,14.7,42.200001,2680.0,75,21,14,79,20,62,0,1,0,5,5,5,0,1
2024-11-27 13:52:59,17.4,31.299999,1766.0,10,2,122,39,23,74,5,4,2,1,5,0,1,1
2024-11-27 13:53:04,17.4,31.299999,1766.0,10,2,122,39,23,74,5,4,2,1,5,0,1,1
2024-11-27 13:53:09,14.8,75.599998,1213.0,87,91,149,3,0,69,5,3,3,4,3,2,0,1
2024-11-27 13:53:14,14.8,75.599998,1213.0,87,91,149,3,0,69,5,3,3,4,3,2,0,1
2024-11-27 13:53:19,15.7,49.299999,2774.0,53,66,174,17,14,58,3,4,1,4,0,4,1,1
2024-11-27 13:53:24,15.7,49.299999,2774.0,53,66,174,17,14,58,3,4,1,4,0,4,1,1
2024-11-27 13:53:29,20.799999,40.099998,2049.0,64,89,64,49,23,53,2,1,3,5,5,1,0,1
2024-11-27 13:53:37,15.5,48.299999,1089.0,97,66,22,10,15,2,3,4,0,1,5,1,0,1
2024-11-27 13:53:44,15.5,48.299999,1089.0,97,66,22,10,15,2,3,4,0,1,5,1,0,1
2024-11-27 13:54:12,22.0,23.5,2725.0,6,3,40,14,35,71,2,4,1,5,5,1,0,0
2024-11-27 13:54:27,18.700001,44.299999,2143.0,29,15,171,74,28,37,5,1,3,1,4,0,0,0
2024-11-27 13:54:34,18.700001,44.299999,2143.0,29,15,171,74,28,37,5,1,3,1,4,0,0,0
2024-11-27 13:54:40,15.1,63.0,2067.0,26,115,87,25,23,1,3,4,0,3,4,3,1,0
2024-11-27 13:54:57,12.3,62.900002,2176.0,94,5,170,33,15,54,4,2,1,3,1,0,0,1
2024-11-27 13:55:10,11.0,74.0,1182.0,72,42,11,59,25,92,2,2,4,3,0,2,1,1
2024-11-27 13:55:15,11.0,74.0,1182.0,72,86,117,81,27,74,4,2,2,5,3,0,1,1
2024-11-27 13:55:23,17.5,27.9,2142.0,34,86,117,81,27,74,4,2,2,5,3,0,1,1
2024-11-27 13:55:32,21.5,44.200001,1778.0,55,110,105,17,3,15,3,4,5,3,5,3,0,1
2024-11-27 13:55:43,22.9,74.900002,2165.0,0,79,2,76,27,34,1,5,4,5,5,1,1,1
2024-11-27 13:55:54,16.4,46.0,1220.0,75,17,43,79,15,41,3,5,2,2,0,2,1,1
2024-11-27 13:56:02,14.1,47.599998,1978.0,64,97,52,46,47,35,1,3,1,0,1,3,0,1
2024-11-27 13:56:11,21.4,46.099998,1251.0,86,117,25,27,40,31,5,2,2,1,5,3,0,0
2024-11-27 13:56:24,15.3,38.099998,2173.0,90,42,62,19,39,10,5,4,4,3,5,5,1,1
2024-11-27 13:56:32,10.2,37.799999,1265.0,0,50,134,40,11,70,5,1,5,4,3,1,0,1
2024-11-27 13:56:46,20.799999,31.1,2508.0,94,46,91,78,17,89,2,0,4,2,0,0,1,1
2024-11-27 13:57:03,16.6,60.599998,1955.0,60,131,198,66,31,10,5,5,0,0,1,1,0,1
2024-11-27 13:57:13,14.5,67.599998,2877.0,10,92,40,41,8,71,3,5,2,3,0,4,1,1
2024-11-27 13:57:20,10.2,34.0,1232.0,23,84,78,12,6,28,3,4,3,0,3,2,1,0
2024-11-27 13:57:30,15.7,62.5,2852.0,36,34,42,13,30,63,4,2,4,2,0,4,1,1
2024-11-27 13:57:35,15.7,62.5,2852.0,36,34,42,13,30,63,3,1,1,3,5,3,0,0
2024-11-27 13:57:40,20.6,49.099998,2203.0,0,51,189,38,44,60,3,1,1,3,5,3,0,0
2024-11-27 13:57:45,20.6,49.099998,2203.0,0,51,189,380,16,31,0,3,3,4,5,5,0,0
2024-11-27 13:57:50,11.7,53.099998,1541.0,49,51,100,10,16,31,0,3,3,4,5,5,0,0
2024-11-27 13:58:00,20.0,50.799999,1320.0,5,44,44,11,14,81,3,1,5,3,0,4,1,1
2024-11-27 13:58:10,18.1,25.1,1214.0,69,97,50,22,31,72,2,3,4,2,3,5,0,0
2024-11-27 13:58:15,18.1,25.1,1214.0,69,97,50,22,23,16,2,5,1,0,4,5,0,0
2024-11-27 13:58:20,19.200001,28.5,1230.0,25,50,37,76,23,16,2,5,1,0,4,5,0,0
2024-11-27 13:58:25,19.200001,28.5,1230.0,9,132,82,47,11,43,2,1,2,4,2,4,1,0
2024-11-27 13:58:30,17.6,47.700001,1532.0,9,132,82,47,11,43,2,1,2,4,2,4,1,0
2024-11-27 13:58:35,17.6,47.700001,1532.0,98,123,116,55,47,75,0,3,1,0,1,2,0,1
2024-11-27 13:58:40,20.4,21.0,2251.0,98,123,116,55,47,75,0,3,1,0,1,2,0,1
2024-11-27 13:58:45,20.4,21.000003,1153.0,21,134,153,43,30,72,4,2,2,3,3,3,0,0
2024-11-27 13:58:50,14.6,72.300003,1153.0,21,134,153,43,30,72,4,2,2,3,3,3,0,0
2024-11-27 13:58:56,14.6,72.300003,1153.0,69,58,47,91,36,62,4,4,1,1,5,5,1,0
2024-11-27 13:59:00,20.9,65.800003,1939.0,69,58,47,91,36,62,4,4,1,1,5,5,1,0
2024-11-27 13:59:05,20.9,65.8,1601.0,54,91,13,87,41,46,5,4,5,2,4,0,0,0
2024-11-27 13:59:10,20.799999,21.6,1601.0,54,91,13,87,41,46,5,4,5,2,4,0,0,0
2024-11-27 13:59:15,20.799999,21.600003,2428.0,71,88,16,4,25,26,4,4,5,0,0,5,1,0
2024-11-27 13:59:20,15.2,65.800003,2428.0,71,88,16,4,25,26,4,4,5,0,0,5,1,0
2024-11-27 13:59:26,22.4,29.1,2443.0,87,54,12,55,47,16,4,3,4,0,1,1,1,0
2024-11-27 13:59:31,22.4,29.1,2443.0,87,54,12,55,47,16,4,3,4,0,1,1,1,0
2024-11-27 13:59:36,22.6,48.099998,2198.0,89,47,49,20,13,29,2,3,3,3,2,5,0,0
2024-11-27 14:00:12,23.4,78.900002,2018.0,81,30,66,69,43,72,0,4,4,4,2,1,1,1
2024-11-27 14:00:17,22.9,55.099998,2563.0,20,136,16,21,42,69,4,1,2,3,0,4,1,1
2024-11-27 14:00:22,22.9,55.099998,2563.0,20,136,16,21,42,69,4,1,2,3,0,4,1,1
2024-11-27 14:00:27,15.9,30.6,2044.0,47,134,187,59,27,66,2,5,1,3,1,1,0,1
2024-11-27 14:00:33,15.9,30.6,2044.0,47,134,187,59,27,66,2,5,1,3,1,1,0,1
2024-11-27 14:00:38,18.1,72.0,1151.0,81,139,49,93,46,72,0,1,5,0,0,4,0,1
2024-11-27 14:00:43,18.1,72.0,1151.0,81,139,49,93,46,72,0,1,5,0,0,4,0,1
2024-11-27 14:01:26,16.9,78.0,1986.0,7,37,34,64,44,99,4,5,3,0,5,5,0,1
2024-11-27 14:01:31,16.9,78.0,1986.0,7,37,34,64,44,99,4,5,3,0,5,5,0,1
2024-11-27 14:01:36,11.9,65.099998,1845.0,28,55,25,18,46,75,4,0,1,1,3,0,0,0
2024-11-27 14:02:11,22.299999,41.700001,1283.0,26,92,179,51,28,73,3,5,2,0,0,5,0,1
2024-11-27 14:02:16,11.2,40.299999,1803.0,53,87,192,97,11,2,4,1,3,5,5,2,0,0
2024-11-27 14:03:44,11.0,52.200001,2867.0,19,17,55,58,23,29,4,1,0,4,5,4,1,1
2024-11-27 14:04:56,15.3,47.299999,1112.0,4,46,117,91,7,85,1,2,3,4,5,2,1,0
2024-11-27 14:05:01,15.3,47.299999,1112.0,4,46,117,91,7,85,1,2,3,4,5,2,1,0
2024-11-27 14:05:06,21.0,71.0,2887.0,66,102,55,88,38,96,2,2,1,0,0,4,0,1
2024-11-27 14:05:11,21.0,71.0,2887.0,66,102,55,88,38,96,2,2,1,0,0,4,0,1
2024-11-27 14:05:16,24.0,71.800003,1247.0,42,50,29,26,13,98,0,3,5,1,2,0,0,0
2024-11-27 14:05:21,24.0,71.800003,1247.0,42,50,29,26,13,98,0,3,5,1,2,0,0,0
2024-11-27 14:05:26,13.2,58.900002,1575.0,58,146,160,33,5,23,0,0,3,3,0,1,0,0
2024-11-27 14:07:56,13.1,45.099998,1633.0,70,53,165,98,33,48,5,3,5,5,0,2,1,1
2024-11-27 14:08:33,19.700001,70.099998,2365.0,4,19,28,47,22,90,1,3,2,4,5,2,1,1
2024-11-27 14:08:38,11.8,53.799999,2224.0,40,90,120,53,42,98,3,5,3,5,2,2,0,0
2024-11-27 14:08:43,11.8,53.799999,2224.0,40,90,120,53,42,98,3,5,3,5,2,2,0,0
2024-11-27 14:08:48,12.9,47.799999,2946.0,73,117,117,85,8,42,5,2,2,1,0,5,0,0
2024-11-27 14:08:53,12.9,47.799999,2946.0,73,117,117,85,8,42,5,2,2,1,0,5,0,0
2024-11-27 14:08:58,15.2,21.0,2540.0,78,17,51,66,22,37,2,2,1,5,5,0,1,1
2024-11-27 14:09:03,15.2,21.0,2540.0,78,17,51,66,22,37,2,2,1,5,5,0,1,1
2024-11-27 14:10:14,21.799999,45.799999,2859.0,47,63,117,70,12,23,3,5,4,5,1,5,0,1
2024-11-27 14:10:19,15.3,61.599998,2339.0,70,95,15,91,49,23,4,3,5,2,0,3,0,0
2024-11-27 14:10:24,15.3,61.599998,2339.0,70,95,15,91,49,23,4,3,5,2,0,3,0,0
2024-11-27 14:10:29,21.799999,65.800003,2413.0,42,17,47,94,11,3,1,1,5,5,1,5,0,0
2024-11-27 14:10:34,21.799999,65.800003,2413.0,42,17,47,94,11,3,1,1,5,5,1,5,0,0
2024-11-27 14:10:39,20.799999,59.799999,1399.0,84,58,86,53,42,68,2,0,3,2,2,0,1,1
2024-11-27 14:10:44,20.799999,59.799999,1399.0,84,58,86,53,42,68,2,0,3,2,2,0,1,1
2024-11-27 14:11:17,13.8,63.5,2560.0,7,56,175,2,7,88,0,0,1,4,3,2,1,1
2024-11-27 14:11:23,13.8,63.5,2560.0,7,56,175,2,7,88,0,0,1,4,3,2,1,1
2024-11-27 14:11:27,23.9,75.099998,2069.0,60,67,175,57,10,13,2,1,3,5,0,4,1,0
2024-11-27 14:11:33,23.9,75.099998,2069.0,60,67,175,57,10,13,2,1,3,5,0,4,1,0
2024-11-27 14:11:38,17.9,56.099998,1443.0,65,69,94,39,18,57,5,1,0,3,4,4,1,0
2024-11-27 14:11:43,17.9,56.099998,1443.0,65,69,94,39,18,57,5,1,0,3,4,4,1,0
2024-11-27 14:11:48,19.200001,25.200001,1801.0,41,28,28,62,0,6,2,0,0,3,0,0,1,1
2024-11-27 14:11:53,19.200001,25.200001,1801.0,41,28,28,62,0,6,2,0,0,3,0,0,1,1
2024-11-27 14:11:58,12.0,73.900002,2831.0,66,139,172,41,39,17,3,1,2,5,1,5,0,0
2024-11-27 14:12:03,12.0,73.900002,2831.0,66,139,172,41,39,17,3,1,2,5,1,5,0,0
2024-11-27 14:12:08,19.6,54.200001,2395.0,50,143,137,76,30,19,5,3,5,0,0,1,1,0
2024-11-27 14:12:13,19.6,54.200001,2395.0,50,143,137,76,30,19,5,3,5,0,0,1,1,0
2024-11-27 14:12:18,13.2,49.200001,2796.0,38,35,154,78,31,67,3,0,0,2,0,4,0,0
2024-11-27 14:12:23,13.2,49.200001,2796.0,38,35,154,78,31,67,3,0,0,2,0,4,0,0
2024-11-27 14:12:28,21.299999,56.200001,2149.0,9,50,26,86,30,75,3,2,1,1,0,3,1,1
2024-11-27 14:12:33,21.299999,56.200001,2149.0,9,50,26,86,30,75,3,2,1,1,0,3,1,1
2024-11-27 14:12:38,18.799999,66.5,1019.0,19,26,195,42,15,69,3,4,2,2,5,5,1,0
2024-11-27 14:12:43,18.799999,66.5,1019.0,19,26,195,42,15,69,3,4,2,2,5,5,1,0
2024-11-27 14:12:48,20.6,77.099998,1273.0,33,5,65,97,9,66,3,1,5,5,2,4,0,0
2024-11-27 14:12:53,20.6,77.099998,1273.0,33,5,65,97,9,66,3,1,5,5,2,4,0,0
2024-11-27 14:12:58,18.799999,22.5,2881.0,12,44,41,76,42,71,1,5,4,0,5,0,1,1
2024-11-27 14:13:03,18.799999,22.5,2881.0,12,44,41,76,42,71,1,5,4,0,5,0,1,1
2024-11-27 14:13:08,15.2,72.300003,1045.0,33,92,146,71,5,51,3,2,2,4,3,4,0,1
2024-11-27 14:13:13,15.2,72.300003,1045.0,33,92,146,71,5,51,3,2,2,4,3,4,0,1
2024-11-27 14:13:18,14.3,33.799999,2555.0,36,134,11,47,38,43,1,2,0,5,1,4,1,0
2024-11-27 14:13:23,14.3,33.799999,2555.0,36,134,11,47,38,43,1,2,0,5,1,4,1,0
2024-11-27 14:13:28,12.3,39.799999,2092.0,91,91,168,96,2,4,5,1,5,4,0,5,0,1
2024-11-27 14:13:34,12.3,39.799999,2092.0,91,91,168,96,2,4,5,1,5,4,0,5,0,1
2024-11-27 14:13:38,21.200001,68.0,2533.0,0,48,175,4,9,45,5,2,1,0,5,5,1,0
2024-11-27 14:13:44,21.200001,68.0,2533.0,0,48,175,4,9,45,5,2,1,0,5,5,1,0
2024-11-27 14:13:48,12.9,59.799999,1958.0,26,14,81,47,27,9,2,2,1,3,4,2,1,1
2024-11-27 14:13:53,12.9,59.799999,1958.0,26,14,81,47,27,9,2,2,1,3,4,2,1,1
2024-11-27 14:13:59,15.2,24.200001,2730.0,84,97,146,75,33,49,1,3,4,3,3,4,1,1
2024-11-27 14:14:04,15.2,24.200001,2730.0,84,97,146,75,33,49,1,3,4,3,3,4,1,1
2024-11-27 14:14:09,15.1,49.900002,1475.0,70,93,96,78,3,0,2,0,3,5,0,1,1,0
2024-11-27 14:14:14,15.1,49.900002,1475.0,70,93,96,78,3,0,2,0,3,5,0,1,1,0
2024-11-27 14:14:19,12.8,26.6,2750.0,39,59,127,32,23,49,5,3,4,0,5,1,0,1
2024-11-27 14:14:24,12.8,26.6,2750.0,39,59,127,32,23,49,5,3,4,0,5,1,0,1
2024-11-27 14:14:29,12.3,29.4,1207.0,11,114,79,15,18,78,1,2,4,2,3,5,1,1
2024-11-27 14:14:35,12.3,29.4,1207.0,25,67,24,45,7,75,1,4,1,3,3,4,1,0
2024-11-27 14:16:14,10.1,70.400002,1475.0,68,26,128,86,7,79,5,2,1,1,0,3,0,1
2024-11-27 14:16:53,13.9,39.799999,1979.0,29,65,25,54,38,48,0,4,0,5,0,0,0,0
2024-11-27 14:17:29,19.799999,39.0,1564.0,36,9,20,85,10,33,1,4,1,3,5,1,1,1
2024-11-27 14:18:30,19.799999,58.700001,2101.0,8,137,6,64,44,7,3,2,4,3,5,1,1,0
2024-11-27 14:19:30,11.2,78.300003,1688.0,27,146,190,25,8,45,5,0,2,4,5,5,0,0
2024-11-27 14:20:14,13.5,24.799999,1162.0,93,131,61,75,37,57,3,2,1,2,3,4,0,0
2024-11-27 14:20:37,24.9,22.700001,1445.0,35,131,156,90,22,22,3,4,2,0,4,4,0,0
2024-11-27 14:20:42,24.9,22.700001,1445.0,35,131,156,90,22,22,3,4,2,0,4,4,0,0
2024-11-27 14:20:47,18.700001,64.800003,1998.0,63,141,159,16,42,6,3,0,3,3,4,4,0,0
2024-11-27 14:20:52,18.700001,64.800003,1998.0,63,141,159,16,42,6,3,0,3,3,4,4,0,0
2024-11-27 16:36:58,18.6,75.900002,1917.0,80,73,149,72,47,68,0,0,1,3,5,4,0,0
2024-11-27 16:37:03,19.9,79.900002,1484.0,36,76,31,1,13,10,3,1,1,3,2,0,1,0
